"Date","Dernier","Ouv."," Plus Haut","Plus Bas","Vol.","Variation %"
"19/09/2025","4.600","4.635","4.635","4.600","31,02K","-0,76%"
"18/09/2025","4.635","4.610","4.635","4.610","12,05K","0,54%"
"17/09/2025","4.610","4.600","4.610","4.600","22,47K","0,22%"
"16/09/2025","4.600","4.760","4.760","4.600","13,83K","-3,36%"
"15/09/2025","4.760","4.790","4.790","4.760","12,75K","-0,63%"
"12/09/2025","4.790","4.790","4.790","4.790","8,26K","0,00%"
"11/09/2025","4.790","4.790","4.790","4.790","25,05K","0,00%"
"10/09/2025","4.790","4.785","4.790","4.785","10,83K","0,10%"
"09/09/2025","4.785","4.775","4.785","4.775","14,51K","0,21%"
"08/09/2025","4.775","4.760","4.775","4.760","7,76K","0,32%"
"05/09/2025","4.760","4.715","4.760","4.715","9,33K","0,95%"
"03/09/2025","4.715","4.710","4.715","4.710","6,59K","0,11%"
"02/09/2025","4.710","4.790","4.790","4.710","8,29K","-1,67%"
"01/09/2025","4.790","4.790","4.790","4.790","9,71K","0,00%"
"29/08/2025","4.790","4.850","4.850","4.790","9,35K","-1,24%"
"28/08/2025","4.850","4.885","4.885","4.850","6,21K","-0,72%"
"27/08/2025","4.885","4.875","4.885","4.875","11,62K","0,21%"
"26/08/2025","4.875","4.920","4.920","4.875","6,88K","-0,91%"
"25/08/2025","4.920","4.850","4.920","4.850","7,63K","1,44%"
"22/08/2025","4.850","4.800","4.850","4.800","2,90K","1,04%"
"21/08/2025","4.800","4.780","4.800","4.780","8,72K","0,42%"
"20/08/2025","4.780","4.785","4.785","4.780","5,52K","-0,10%"
"19/08/2025","4.785","4.705","4.785","4.705","4,78K","1,70%"
"18/08/2025","4.705","4.750","4.750","4.705","10,32K","-0,95%"
"14/08/2025","4.750","4.805","4.805","4.750","1,36K","-1,14%"
"13/08/2025","4.805","4.815","4.815","4.805","3,51K","-0,21%"
"12/08/2025","4.815","4.825","4.825","4.815","2,81K","-0,21%"
"11/08/2025","4.825","4.810","4.825","4.810","4,50K","0,31%"
"08/08/2025","4.810","4.900","4.900","4.810","11,79K","-1,84%"
"06/08/2025","4.900","4.875","4.900","4.875","2,57K","0,51%"
"05/08/2025","4.875","4.905","4.905","4.875","2,72K","-0,61%"
"04/08/2025","4.905","4.950","4.950","4.905","2,38K","-0,91%"
"01/08/2025","4.950","4.990","4.990","4.950","3,22K","-0,80%"
"31/07/2025","4.990","4.850","4.990","4.850","2,29K","2,89%"
"30/07/2025","4.850","4.800","4.850","4.800","9,00K","1,04%"
"29/07/2025","4.800","4.690","4.800","4.690","2,75K","2,35%"
"28/07/2025","4.690","4.860","4.860","4.690","5,29K","-3,50%"
"25/07/2025","4.860","5.145","5.145","4.860","4,55K","-5,54%"
"24/07/2025","5.145","5.045","5.145","5.045","42,66K","1,98%"
"23/07/2025","5.045","4.695","5.045","4.695","21,75K","7,45%"
"22/07/2025","4.695","4.500","4.695","4.500","31,89K","4,33%"
"21/07/2025","4.500","4.370","4.500","4.370","42,77K","2,97%"
"18/07/2025","4.370","4.300","4.370","4.300","3,80K","1,63%"
"17/07/2025","4.300","4.360","4.360","4.300","7,74K","-1,38%"
"16/07/2025","4.360","4.325","4.360","4.325","22,68K","0,81%"
"15/07/2025","4.325","4.325","4.325","4.325","8,02K","0,00%"
"14/07/2025","4.325","4.395","4.395","4.325","16,32K","-1,59%"
"11/07/2025","4.395","4.475","4.475","4.395","11,66K","-1,79%"
"10/07/2025","4.475","4.475","4.475","4.475","9,09K","0,00%"
"09/07/2025","4.475","4.590","4.590","4.475","8,91K","-2,51%"
"08/07/2025","4.590","4.550","4.590","4.550","15,27K","0,88%"
"07/07/2025","4.550","4.495","4.550","4.495","18,87K","1,22%"
"04/07/2025","4.495","4.390","4.495","4.390","46,61K","2,39%"
"03/07/2025","4.390","4.085","4.390","4.085","5,90K","7,47%"
"02/07/2025","4.085","3.800","4.085","3.800","33,66K","7,50%"
"01/07/2025","3.800","3.880","3.880","3.800","56,57K","-2,06%"
"30/06/2025","3.880","4.190","4.190","3.880","11,51K","-7,40%"
"27/06/2025","4.190","4.525","4.525","4.190","9,37K","-7,40%"
"26/06/2025","4.525","4.890","4.890","4.525","21,36K","-7,46%"
"25/06/2025","4.890","5.000","5.000","4.890","20,38K","-2,20%"
"24/06/2025","5.000","5.300","5.300","5.000","41,20K","-5,66%"
"23/06/2025","5.300","5.495","5.495","5.300","40,25K","-3,55%"
"20/06/2025","5.495","5.565","5.565","5.495","15,61K","-1,26%"
"19/06/2025","5.565","5.695","5.695","5.565","9,84K","-2,28%"
"18/06/2025","5.695","5.700","5.700","5.695","5,21K","-0,09%"
"17/06/2025","5.700","5.670","5.700","5.670","7,19K","0,53%"
"16/06/2025","5.670","5.780","5.780","5.670","30,78K","-1,90%"
"13/06/2025","5.780","5.795","5.795","5.780","23,87K","-0,26%"
"12/06/2025","5.795","5.735","5.795","5.735","14,00K","1,05%"
"11/06/2025","5.735","5.735","5.735","5.735","86,84K","0,00%"
"10/06/2025","5.735","6.200","6.200","5.735","41,97K","-7,50%"
"05/06/2025","6.200","6.400","6.400","6.200","31,29K","-3,13%"
"04/06/2025","6.400","6.515","6.515","6.400","65,86K","-1,77%"
"03/06/2025","6.515","6.065","6.515","6.065","221,70K","7,42%"
"02/06/2025","6.065","5.645","6.065","5.645","16,95K","7,44%"
"30/05/2025","5.645","5.255","5.645","5.255","2,87K","7,42%"
"28/05/2025","5.255","4.890","5.255","4.890","1,95K","7,46%"
"27/05/2025","4.890","4.550","4.890","4.550","5,81K","7,47%"
"26/05/2025","4.550","4.235","4.550","4.235","11,21K","7,44%"
"23/05/2025","4.235","3.940","4.235","3.940","64,61K","7,49%"
"22/05/2025","3.940","3.985","3.985","3.940","36,37K","-1,13%"
"21/05/2025","3.985","3.990","3.990","3.985","16,87K","-0,13%"
"20/05/2025","3.990","3.990","3.990","3.990","25,16K","0,00%"
"19/05/2025","3.990","3.995","3.995","3.990","15,75K","-0,13%"
"16/05/2025","3.995","4.150","4.150","3.995","31,78K","-3,73%"
"15/05/2025","4.150","4.145","4.150","4.145","31,29K","0,12%"
"14/05/2025","4.145","3.950","4.145","3.950","28,88K","4,94%"
"13/05/2025","3.950","3.975","3.975","3.950","19,38K","-0,63%"
"12/05/2025","3.975","3.720","3.975","3.720","20,09K","6,85%"
"09/05/2025","3.720","3.465","3.720","3.465","29,94K","7,36%"
"08/05/2025","3.465","3.225","3.465","3.225","665,83K","7,44%"
"07/05/2025","3.225","3.000","3.225","3.000","56,29K","7,50%"
"06/05/2025","3.000","3.080","3.080","3.000","23,46K","-2,60%"
"05/05/2025","3.080","3.150","3.150","3.080","18,41K","-2,22%"
"02/05/2025","3.150","3.225","3.225","3.150","14,95K","-2,33%"
"30/04/2025","3.225","3.225","3.225","3.225","15,50K","0,00%"
"29/04/2025","3.225","3.225","3.225","3.225","31,27K","0,00%"
"28/04/2025","3.225","3.240","3.240","3.225","14,56K","-0,46%"
"25/04/2025","3.240","3.250","3.250","3.240","43,17K","-0,31%"
"24/04/2025","3.250","3.290","3.290","3.250","10,22K","-1,22%"
"23/04/2025","3.290","3.305","3.305","3.290","7,73K","-0,45%"
"22/04/2025","3.305","3.350","3.350","3.305","10,89K","-1,34%"
"18/04/2025","3.350","3.350","3.350","3.350","5,12K","0,00%"
"17/04/2025","3.350","3.390","3.390","3.350","12,19K","-1,18%"
"16/04/2025","3.390","3.400","3.400","3.390","16,19K","-0,29%"
"15/04/2025","3.400","3.400","3.400","3.400","21,80K","0,00%"
"14/04/2025","3.400","3.375","3.400","3.375","46,50K","0,74%"
"11/04/2025","3.375","3.300","3.375","3.300","50,36K","2,27%"
"10/04/2025","3.300","3.300","3.300","3.300","55,37K","0,00%"
"09/04/2025","3.300","3.095","3.300","3.095","52,10K","6,62%"
"08/04/2025","3.095","3.100","3.100","3.095","8,63K","-0,16%"
"07/04/2025","3.100","3.200","3.200","3.100","6,79K","-3,13%"
"04/04/2025","3.200","3.100","3.200","3.100","8,78K","3,23%"
"03/04/2025","3.100","3.100","3.100","3.100","14,79K","0,00%"
"02/04/2025","3.100","3.095","3.100","3.095","96,45K","0,16%"
"01/04/2025","3.095","3.280","3.280","3.095","1,71K","-5,64%"
"28/03/2025","3.280","3.200","3.280","3.200","6,51K","2,50%"
"26/03/2025","3.200","3.200","3.200","3.200","16,50K","0,00%"
"25/03/2025","3.200","3.300","3.300","3.200","7,42K","-3,03%"
"24/03/2025","3.300","3.295","3.300","3.295","4,89K","0,15%"
"21/03/2025","3.295","3.300","3.300","3.295","3,45K","-0,15%"
"20/03/2025","3.300","3.125","3.300","3.125","2,19K","5,60%"
"19/03/2025","3.125","3.375","3.375","3.125","25,12K","-7,41%"
"18/03/2025","3.375","3.355","3.375","3.355","12,04K","0,60%"
"17/03/2025","3.355","3.175","3.355","3.175","12,25K","5,67%"
"14/03/2025","3.175","3.005","3.175","3.005","8,26K","5,66%"
"13/03/2025","3.005","3.050","3.050","3.005","10,33K","-1,48%"
"12/03/2025","3.050","3.170","3.170","3.050","4,63K","-3,79%"
"11/03/2025","3.170","3.165","3.170","3.165","19,61K","0,16%"
"10/03/2025","3.165","2.950","3.165","2.950","4,62K","7,29%"
"07/03/2025","2.950","2.745","2.950","2.745","9,90K","7,47%"
"06/03/2025","2.745","2.555","2.745","2.555","14,56K","7,44%"
"05/03/2025","2.555","2.500","2.555","2.500","5,26K","2,20%"
"04/03/2025","2.500","2.450","2.500","2.450","11,01K","2,04%"
"03/03/2025","2.450","2.400","2.450","2.400","27,21K","2,08%"
"28/02/2025","2.400","2.325","2.400","2.325","1,99K","3,23%"
"27/02/2025","2.325","2.385","2.385","2.325","3,09K","-2,52%"
"26/02/2025","2.385","2.300","2.385","2.300","19,39K","3,70%"
"25/02/2025","2.300","2.300","2.300","2.300","17,78K","0,00%"
"24/02/2025","2.300","2.165","2.300","2.165","14,94K","6,24%"
"21/02/2025","2.165","2.015","2.165","2.015","3,36K","7,44%"
"20/02/2025","2.015","1.980","2.015","1.980","4,99K","1,77%"
"19/02/2025","1.980","1.960","1.980","1.960","1,76K","1,02%"
"18/02/2025","1.960","1.990","1.990","1.960","10,30K","-1,51%"
"17/02/2025","1.990","1.980","1.990","1.980","8,75K","0,51%"
"14/02/2025","1.980","1.995","1.995","1.980","0,51K","-0,75%"
"13/02/2025","1.995","1.985","1.995","1.985","2,04K","0,50%"
"12/02/2025","1.985","1.985","1.985","1.985","4,71K","0,00%"
"11/02/2025","1.985","1.985","1.985","1.985","3,43K","0,00%"
"10/02/2025","1.985","1.950","1.985","1.950","1,05K","1,79%"
"07/02/2025","1.950","1.925","1.950","1.925","0,95K","1,30%"
"06/02/2025","1.925","1.900","1.925","1.900","8,25K","1,32%"
"05/02/2025","1.900","1.885","1.900","1.885","0,59K","0,80%"
"04/02/2025","1.885","1.895","1.895","1.885","2,90K","-0,53%"
"03/02/2025","1.895","1.910","1.910","1.895","0,85K","-0,79%"
"31/01/2025","1.910","1.875","1.910","1.875","1,96K","1,87%"
"30/01/2025","1.875","1.910","1.910","1.875","7,87K","-1,83%"
"29/01/2025","1.910","1.920","1.920","1.910","11,01K","-0,52%"
"28/01/2025","1.920","1.920","1.920","1.920","5,89K","0,00%"
"27/01/2025","1.920","1.925","1.925","1.920","0,96K","-0,26%"
"24/01/2025","1.925","1.910","1.925","1.910","1,04K","0,79%"
"23/01/2025","1.910","1.945","1.945","1.910","0,69K","-1,80%"
"22/01/2025","1.945","1.905","1.945","1.905","5,66K","2,10%"
"21/01/2025","1.905","1.840","1.905","1.840","16,16K","3,53%"
"20/01/2025","1.840","1.850","1.850","1.840","2,30K","-0,54%"
"17/01/2025","1.850","1.840","1.850","1.840","5,23K","0,54%"
"16/01/2025","1.840","1.840","1.840","1.840","1,58K","0,00%"
"15/01/2025","1.840","1.805","1.840","1.805","4,57K","1,94%"
"14/01/2025","1.805","1.805","1.805","1.805","3,52K","0,00%"
"13/01/2025","1.805","1.805","1.805","1.805","1,39K","0,00%"
"10/01/2025","1.805","1.815","1.815","1.805","3,12K","-0,55%"
"09/01/2025","1.815","1.820","1.820","1.815","0,54K","-0,27%"
"08/01/2025","1.820","1.835","1.835","1.820","3,35K","-0,82%"
"07/01/2025","1.835","1.875","1.875","1.835","2,44K","-2,13%"
"06/01/2025","1.875","1.885","1.885","1.875","0,33K","-0,53%"
"03/01/2025","1.885","1.900","1.900","1.885","0,88K","-0,53%"
"02/01/2025","1.895","1.850","1.900","1.850","2,36K","2,43%"
"31/12/2024","1.850","1.855","1.855","1.850","3,39K","-0,27%"
"30/12/2024","1.855","1.730","1.855","1.730","29,46K","7,23%"
"27/12/2024","1.730","1.730","1.730","1.730","0,65K","0,00%"
"26/12/2024","1.730","1.700","1.730","1.700","0,84K","1,76%"
"24/12/2024","1.700","1.745","1.745","1.700","0,11K","-2,58%"
"23/12/2024","1.745","1.730","1.745","1.730","2,20K","0,87%"
"20/12/2024","1.730","1.730","1.730","1.730","0,42K","0,00%"
"19/12/2024","1.730","1.745","1.745","1.730","1,41K","-0,86%"
"18/12/2024","1.745","1.725","1.745","1.725","32,21K","1,16%"
"17/12/2024","1.725","1.720","1.725","1.720","2,09K","0,29%"
"16/12/2024","1.720","1.700","1.720","1.700","3,08K","1,18%"
"13/12/2024","1.700","1.730","1.730","1.700","3,87K","-1,73%"
"12/12/2024","1.730","1.745","1.745","1.730","3,23K","-0,86%"
"11/12/2024","1.745","1.745","1.745","1.745","2,15K","0,00%"
"10/12/2024","1.745","1.760","1.760","1.745","1,31K","-0,85%"
"09/12/2024","1.760","1.805","1.805","1.760","1,23K","-2,49%"
"06/12/2024","1.805","1.840","1.840","1.805","1,37K","-1,90%"
"05/12/2024","1.840","1.845","1.845","1.840","3,23K","-0,27%"
"04/12/2024","1.845","1.845","1.845","1.845","2,53K","0,00%"
"03/12/2024","1.845","1.820","1.845","1.820","6,00K","1,37%"
"02/12/2024","1.820","1.800","1.820","1.800","9,59K","1,11%"
"29/11/2024","1.800","1.695","1.800","1.695","27,97K","6,19%"
"28/11/2024","1.695","1.695","1.695","1.695","4,25K","0,00%"
"27/11/2024","1.695","1.660","1.695","1.660","4,93K","2,11%"
"26/11/2024","1.660","1.670","1.670","1.660","3,20K","-0,60%"
"25/11/2024","1.670","1.570","1.670","1.570","8,46K","6,37%"
"22/11/2024","1.570","1.600","1.600","1.570","3,31K","-1,88%"
"21/11/2024","1.600","1.600","1.600","1.600","13,59K","0,00%"
"20/11/2024","1.600","1.590","1.600","1.590","1,48K","0,63%"
"19/11/2024","1.590","1.575","1.590","1.575","7,68K","0,95%"
"18/11/2024","1.575","1.570","1.575","1.570","9,00K","0,32%"
"14/11/2024","1.570","1.590","1.590","1.570","3,02K","-1,26%"
"13/11/2024","1.590","1.550","1.590","1.550","9,85K","2,58%"
"12/11/2024","1.550","1.515","1.550","1.515","21,62K","2,31%"
"11/11/2024","1.515","1.470","1.515","1.470","24,50K","3,06%"
"08/11/2024","1.470","1.440","1.470","1.440","2,25K","2,08%"
"07/11/2024","1.440","1.400","1.440","1.400","1,96K","2,86%"
"06/11/2024","1.400","1.380","1.400","1.380","1,13K","1,45%"
"05/11/2024","1.380","1.395","1.395","1.380","2,69K","-1,08%"
"04/11/2024","1.395","1.395","1.395","1.395","10,72K","0,00%"
"31/10/2024","1.395","1.395","1.395","1.395","0,93K","0,00%"
"30/10/2024","1.395","1.400","1.400","1.395","0,36K","-0,36%"
"29/10/2024","1.400","1.400","1.400","1.400","1,15K","0,00%"
"28/10/2024","1.400","1.360","1.400","1.360","1,06K","2,94%"
"25/10/2024","1.360","1.400","1.400","1.360","0,19K","-2,86%"
"24/10/2024","1.400","1.420","1.420","1.400","0,18K","-1,41%"
"23/10/2024","1.420","1.425","1.425","1.420","0,23K","-0,35%"
"22/10/2024","1.425","1.425","1.425","1.425","0,83K","0,00%"
"21/10/2024","1.425","1.440","1.440","1.425","0,78K","-1,04%"
"18/10/2024","1.440","1.445","1.445","1.440","0,07K","-0,35%"
"17/10/2024","1.445","1.410","1.445","1.410","13,08K","2,48%"
"16/10/2024","1.410","1.425","1.425","1.410","0,14K","-1,05%"
"15/10/2024","1.425","1.440","1.440","1.425","1,50K","-1,04%"
"14/10/2024","1.440","1.390","1.440","1.390","1,01K","3,60%"
"11/10/2024","1.390","1.395","1.395","1.390","1,33K","-0,36%"
"10/10/2024","1.395","1.400","1.400","1.395","5,23K","-0,36%"
"09/10/2024","1.400","1.430","1.430","1.400","7,25K","-2,10%"
"08/10/2024","1.430","1.430","1.430","1.430","1,39K","0,00%"
"07/10/2024","1.430","1.430","1.430","1.430","0,33K","0,00%"
"04/10/2024","1.430","1.430","1.430","1.430","0,67K","0,00%"
"03/10/2024","1.430","1.335","1.430","1.335","8,51K","7,12%"
"02/10/2024","1.335","1.440","1.440","1.335","2,05K","-7,29%"
"01/10/2024","1.440","1.440","1.440","1.440","1,68K","0,00%"
"30/09/2024","1.440","1.345","1.440","1.345","0,16K","7,06%"
"27/09/2024","1.345","1.450","1.450","1.345","3,17K","-7,24%"
"26/09/2024","1.450","1.530","1.530","1.450","2,62K","-5,23%"
"25/09/2024","1.530","1.500","1.530","1.500","3,73K","2,00%"
"24/09/2024","1.500","1.410","1.500","1.410","2,31K","6,38%"
"23/09/2024","1.410","1.500","1.500","1.410","5,53K","-6,00%"
"20/09/2024","1.500","1.500","1.500","1.500","0,95K","0,00%"
"19/09/2024","1.500","1.500","1.500","1.500","6,31K","0,00%"
"18/09/2024","1.500","1.510","1.510","1.500","3,03K","-0,66%"
"17/09/2024","1.510","1.490","1.510","1.490","4,70K","1,34%"
"16/09/2024","1.490","1.490","1.490","1.490","1,58K","0,00%"
"13/09/2024","1.490","1.415","1.490","1.415","5,75K","5,30%"
"12/09/2024","1.415","1.415","1.415","1.415","2,74K","0,00%"
"11/09/2024","1.415","1.450","1.450","1.415","0,96K","-2,41%"
"10/09/2024","1.450","1.510","1.510","1.450","2,65K","-3,97%"
"09/09/2024","1.510","1.500","1.510","1.500","0,62K","0,67%"
"06/09/2024","1.500","1.500","1.500","1.500","4,47K","0,00%"
"05/09/2024","1.500","1.500","1.500","1.500","3,32K","1,69%"
"04/09/2024","1.475","1.475","1.475","1.475","1,11K","-1,67%"
"03/09/2024","1.500","1.500","1.500","1.500","0,24K","0,00%"
"02/09/2024","1.500","1.500","1.500","1.500","2,54K","0,67%"
"30/08/2024","1.490","1.490","1.490","1.490","5,88K","3,11%"
"29/08/2024","1.445","1.445","1.445","1.445","0,43K","0,00%"
"28/08/2024","1.445","1.445","1.445","1.445","0,00K","0,00%"
"27/08/2024","1.445","1.445","1.445","1.445","0,23K","0,00%"
"26/08/2024","1.445","1.445","1.445","1.445","0,53K","0,00%"
"23/08/2024","1.445","1.445","1.445","1.445","0,39K","-0,34%"
"22/08/2024","1.450","1.450","1.450","1.450","0,65K","-0,34%"
"21/08/2024","1.455","1.455","1.455","1.455","0,81K","0,00%"
"20/08/2024","1.455","1.455","1.455","1.455","1,70K","-1,36%"
"19/08/2024","1.475","1.475","1.475","1.475","1,48K","0,00%"
"16/08/2024","1.475","1.475","1.475","1.475","0,15K","-0,67%"
"14/08/2024","1.485","1.485","1.485","1.485","0,91K","0,00%"
"13/08/2024","1.485","1.485","1.485","1.485","0,33K","-1,66%"
"12/08/2024","1.510","1.510","1.510","1.510","0,87K","1,34%"
"09/08/2024","1.490","1.490","1.490","1.490","1,15K","0,34%"
"08/08/2024","1.485","1.485","1.485","1.485","0,27K","-0,34%"
"06/08/2024","1.490","1.490","1.490","1.490","0,26K","0,00%"
"05/08/2024","1.490","1.490","1.490","1.490","0,13K","-1,97%"
"02/08/2024","1.520","1.520","1.520","1.520","0,61K","4,83%"
"01/08/2024","1.450","1.450","1.450","1.450","1,12K","3,94%"
"31/07/2024","1.395","1.395","1.395","1.395","0,75K","-0,36%"
"30/07/2024","1.400","1.400","1.400","1.400","6,06K","0,36%"
"29/07/2024","1.395","1.395","1.395","1.395","0,52K","0,36%"
"26/07/2024","1.390","1.390","1.390","1.390","0,34K","0,00%"
"25/07/2024","1.390","1.390","1.390","1.390","1,83K","0,00%"
"24/07/2024","1.390","1.390","1.390","1.390","1,44K","-0,36%"
"23/07/2024","1.395","1.395","1.395","1.395","1,93K","0,00%"
"22/07/2024","1.395","1.395","1.395","1.395","11,17K","0,00%"
"19/07/2024","1.395","1.395","1.395","1.395","0,26K","0,00%"
"18/07/2024","1.395","1.395","1.395","1.395","0,37K","2,95%"
"17/07/2024","1.355","1.355","1.355","1.355","0,36K","-1,45%"
"16/07/2024","1.375","1.375","1.375","1.375","0,97K","-1,43%"
"15/07/2024","1.395","1.395","1.395","1.395","0,69K","0,36%"
"12/07/2024","1.390","1.390","1.390","1.390","5,83K","-0,71%"
"11/07/2024","1.400","1.400","1.400","1.400","1,33K","0,00%"
"10/07/2024","1.400","1.400","1.400","1.400","2,66K","0,72%"
"09/07/2024","1.390","1.390","1.390","1.390","2,22K","0,36%"
"08/07/2024","1.385","1.385","1.385","1.385","0,27K","0,73%"
"05/07/2024","1.375","1.375","1.375","1.375","5,96K","0,00%"
"04/07/2024","1.375","1.375","1.375","1.375","1,57K","0,36%"
"03/07/2024","1.370","1.370","1.370","1.370","5,57K","-2,14%"
"02/07/2024","1.400","1.400","1.400","1.400","0,56K","0,72%"
"01/07/2024","1.390","1.390","1.390","1.390","5,57K","0,72%"
"28/06/2024","1.380","1.380","1.380","1.380","5,32K","1,85%"
"27/06/2024","1.355","1.355","1.355","1.355","3,50K","0,74%"
"26/06/2024","1.345","1.345","1.345","1.345","0,18K","-0,37%"
"25/06/2024","1.350","1.350","1.350","1.350","0,34K","1,50%"
"24/06/2024","1.330","1.330","1.330","1.330","7,32K","2,31%"
"21/06/2024","1.300","1.300","1.300","1.300","1,13K","-1,89%"
"20/06/2024","1.325","1.325","1.325","1.325","1,11K","-1,12%"
"19/06/2024","1.340","1.340","1.340","1.340","0,92K","-1,47%"
"18/06/2024","1.360","1.360","1.360","1.360","0,84K","-0,37%"
"14/06/2024","1.365","1.365","1.365","1.365","11,53K","-0,36%"
"13/06/2024","1.370","1.370","1.370","1.370","0,29K","0,00%"
"12/06/2024","1.370","1.370","1.370","1.370","8,67K","1,86%"
"11/06/2024","1.345","1.345","1.345","1.345","1,47K","0,00%"
"10/06/2024","1.345","1.345","1.345","1.345","8,70K","-0,37%"
"07/06/2024","1.350","1.350","1.350","1.350","1,15K","0,00%"
"06/06/2024","1.350","1.350","1.350","1.350","0,91K","0,37%"
"05/06/2024","1.345","1.345","1.345","1.345","1,16K","5,08%"
"04/06/2024","1.280","1.280","1.280","1.280","12,03K","-5,19%"
"03/06/2024","1.350","1.350","1.350","1.350","5,61K","0,00%"
"31/05/2024","1.350","1.350","1.350","1.350","0,94K","0,00%"
"30/05/2024","1.350","1.350","1.350","1.350","10,31K","0,00%"
"29/05/2024","1.350","1.350","1.350","1.350","8,87K","-1,82%"
"28/05/2024","1.375","1.375","1.375","1.375","0,64K","-0,36%"
"27/05/2024","1.380","1.380","1.380","1.380","5,63K","-0,36%"
"24/05/2024","1.385","1.385","1.385","1.385","19,07K","-0,36%"
"23/05/2024","1.390","1.390","1.390","1.390","11,46K","4,91%"
"22/05/2024","1.325","1.325","1.325","1.325","5,57K","-1,12%"
"21/05/2024","1.340","1.340","1.340","1.340","17,71K","-4,29%"
"17/05/2024","1.400","1.400","1.400","1.400","1,65K","-7,28%"
"16/05/2024","1.510","1.510","1.510","1.510","2,05K","-7,36%"
"15/05/2024","1.630","1.630","1.630","1.630","0,04K","-7,39%"
"14/05/2024","1.760","1.760","1.760","1.760","0,15K","-7,37%"
"13/05/2024","1.900","1.900","1.900","1.900","0,53K","-2,56%"
"10/05/2024","1.950","1.950","1.950","1.950","1,62K","2,09%"
"08/05/2024","1.910","1.910","1.910","1.910","4,37K","-2,05%"
"07/05/2024","1.950","1.950","1.950","1.950","0,12K","-0,76%"
"06/05/2024","1.965","1.965","1.965","1.965","0,70K","-1,75%"
"02/05/2024","2.000","2.000","2.000","2.000","3,89K","0,25%"
"30/04/2024","1.995","1.995","1.995","1.995","0,29K","0,00%"
"29/04/2024","1.995","1.995","1.995","1.995","0,32K","0,00%"
"26/04/2024","1.995","1.995","1.995","1.995","1,26K","0,25%"
"25/04/2024","1.990","1.990","1.990","1.990","0,03K","-0,50%"
"24/04/2024","2.000","2.000","2.000","2.000","3,49K","3,63%"
"23/04/2024","1.930","1.930","1.930","1.930","4,10K","-0,26%"
"22/04/2024","1.935","1.935","1.935","1.935","0,02K","4,31%"
"19/04/2024","1.855","1.855","1.855","1.855","0,40K","-7,25%"
"18/04/2024","2.000","2.000","2.000","2.000","19,41K","3,63%"
"17/04/2024","1.930","1.930","1.930","1.930","3,15K","0,00%"
"16/04/2024","1.930","1.930","1.930","1.930","0,29K","0,00%"
"15/04/2024","1.930","1.930","1.930","1.930","0,90K","0,78%"
"12/04/2024","1.915","1.915","1.915","1.915","0,76K","-0,52%"
"11/04/2024","1.925","1.925","1.925","1.925","3,36K","0,26%"
"09/04/2024","1.920","1.920","1.920","1.920","0,53K","-0,26%"
"08/04/2024","1.925","1.925","1.925","1.925","0,31K","-0,26%"
"05/04/2024","1.930","1.930","1.930","1.930","0,22K","0,00%"
"04/04/2024","1.930","1.930","1.930","1.930","0,10K","0,00%"
"03/04/2024","1.930","1.930","1.930","1.930","1,65K","0,00%"
"02/04/2024","1.930","1.930","1.930","1.930","7,48K","0,00%"
"29/03/2024","1.930","1.930","1.930","1.930","0,13K","-0,52%"
"28/03/2024","1.940","1.940","1.940","1.940","0,06K","0,26%"
"27/03/2024","1.935","1.935","1.935","1.935","2,43K","-0,26%"
"26/03/2024","1.940","1.940","1.940","1.940","0,09K","0,00%"
"25/03/2024","1.940","1.940","1.940","1.940","1,40K","0,00%"
"22/03/2024","1.940","1.940","1.940","1.940","2,13K","2,11%"
"21/03/2024","1.900","1.900","1.900","1.900","14,28K","0,00%"
"20/03/2024","1.900","1.900","1.900","1.900","1,41K","-2,06%"
"19/03/2024","1.940","1.940","1.940","1.940","3,09K","0,00%"
"18/03/2024","1.940","1.940","1.940","1.940","12,07K","2,11%"
"15/03/2024","1.900","1.900","1.900","1.900","33,95K","0,00%"
"14/03/2024","1.900","1.900","1.900","1.900","0,91K","-2,06%"
"13/03/2024","1.940","1.940","1.940","1.940","0,25K","0,00%"
"12/03/2024","1.940","1.940","1.940","1.940","0,24K","-0,26%"
"11/03/2024","1.945","1.945","1.945","1.945","0,20K","0,00%"
"08/03/2024","1.945","1.945","1.945","1.945","0,13K","-0,51%"
"07/03/2024","1.955","1.955","1.955","1.955","0,84K","0,26%"
"06/03/2024","1.950","1.950","1.950","1.950","1,99K","-1,27%"
"05/03/2024","1.975","1.975","1.975","1.975","1,69K","3,95%"
"04/03/2024","1.900","1.900","1.900","1.900","0,52K","0,00%"
"01/03/2024","1.900","1.900","1.900","1.900","1,21K","-4,28%"
"29/02/2024","1.985","1.985","1.985","1.985","0,09K","-0,25%"
"28/02/2024","1.990","1.990","1.990","1.990","0,11K","-0,25%"
"27/02/2024","1.995","1.995","1.995","1.995","0,10K","5,56%"
"26/02/2024","1.890","1.890","1.890","1.890","2,92K","-5,03%"
"23/02/2024","1.990","1.990","1.990","1.990","0,44K","-0,25%"
"22/02/2024","1.995","1.995","1.995","1.995","0,46K","0,00%"
"21/02/2024","1.995","1.995","1.995","1.995","0,14K","3,37%"
"20/02/2024","1.930","1.930","1.930","1.930","0,76K","-1,03%"
"19/02/2024","1.950","1.950","1.950","1.950","4,86K","1,04%"
"16/02/2024","1.930","1.930","1.930","1.930","4,60K","-1,03%"
"15/02/2024","1.950","1.950","1.950","1.950","1,39K","0,78%"
"14/02/2024","1.935","1.935","1.935","1.935","17,42K","7,50%"
"13/02/2024","1.800","1.800","1.800","1.800","1,26K","0,00%"
"09/02/2024","1.800","1.800","1.800","1.800","4,89K","5,57%"
"08/02/2024","1.705","1.705","1.705","1.705","8,91K","0,29%"
"07/02/2024","1.700","1.700","1.700","1.700","0,63K","-1,73%"
"06/02/2024","1.730","1.730","1.730","1.730","0,43K","-0,57%"
"05/02/2024","1.740","1.740","1.740","1.740","0,07K","1,46%"
"02/02/2024","1.715","1.715","1.715","1.715","0,17K","-1,44%"
"01/02/2024","1.740","1.740","1.740","1.740","0,25K","-0,57%"
"31/01/2024","1.750","1.750","1.750","1.750","0,20K","0,57%"
"30/01/2024","1.740","1.740","1.740","1.740","0,69K","-0,57%"
"29/01/2024","1.750","1.750","1.750","1.750","0,11K","0,00%"
"26/01/2024","1.750","1.750","1.750","1.750","0,17K","0,00%"
"25/01/2024","1.750","1.750","1.750","1.750","0,98K","2,64%"
"24/01/2024","1.705","1.705","1.705","1.705","0,01K","-2,57%"
"23/01/2024","1.750","1.750","1.750","1.750","0,50K","0,00%"
"22/01/2024","1.750","1.750","1.750","1.750","9,35K","0,29%"
"18/01/2024","1.745","1.745","1.745","1.745","0,17K","7,06%"
"17/01/2024","1.630","1.630","1.630","1.630","1,33K","-6,05%"
"16/01/2024","1.735","1.735","1.735","1.735","0,17K","0,00%"
"15/01/2024","1.735","1.735","1.735","1.735","0,05K","-0,57%"
"12/01/2024","1.745","1.745","1.745","1.745","0,23K","0,00%"
"11/01/2024","1.745","1.745","1.745","1.745","1,20K","2,65%"
"10/01/2024","1.700","1.700","1.700","1.700","0,01K","-2,58%"
"09/01/2024","1.745","1.745","1.745","1.745","0,86K","2,65%"
"08/01/2024","1.700","1.700","1.700","1.700","0,39K","-5,29%"
"05/01/2024","1.795","1.795","1.795","1.795","10,61K","0,28%"
"04/01/2024","1.790","1.790","1.790","1.790","1,06K","4,68%"
"03/01/2024","1.710","1.710","1.710","1.710","1,84K","-5,00%"
"02/01/2024","1.800","1.800","1.800","1.800","2,28K","-2,17%"
"29/12/2023","1.840","1.840","1.840","1.840","0,55K","-7,30%"
"28/12/2023","1.985","1.985","1.985","1.985","18,07K","-1,98%"
"27/12/2023","2.025","2.025","2.025","2.025","0,45K","-2,17%"
"26/12/2023","2.070","2.070","2.070","2.070","1,28K","-0,72%"
"22/12/2023","2.085","2.085","2.085","2.085","40,33K","4,25%"
"21/12/2023","2.000","2.000","2.000","2.000","11,65K","3,90%"
"20/12/2023","1.925","1.925","1.925","1.925","36,80K","6,94%"
"19/12/2023","1.800","1.800","1.800","1.800","3,06K","0,00%"
"18/12/2023","1.800","1.800","1.800","1.800","3,19K","-0,55%"
"15/12/2023","1.810","1.810","1.810","1.810","11,49K","7,42%"
"14/12/2023","1.685","1.685","1.685","1.685","2,79K","-6,13%"
"13/12/2023","1.795","1.795","1.795","1.795","1,05K","-0,28%"
"12/12/2023","1.800","1.800","1.800","1.800","1,43K","-2,44%"
"11/12/2023","1.845","1.845","1.845","1.845","20,90K","0,00%"
"08/12/2023","1.845","1.845","1.845","1.845","23,15K","1,37%"
"07/12/2023","1.820","1.820","1.820","1.820","21,74K","4,60%"
"06/12/2023","1.740","1.740","1.740","1.740","7,97K","0,00%"
"05/12/2023","1.740","1.740","1.740","1.740","7,52K","0,00%"
"04/12/2023","1.740","1.740","1.740","1.740","0,70K","-0,29%"
"01/12/2023","1.745","1.745","1.745","1.745","0,36K","0,00%"
"30/11/2023","1.745","1.745","1.745","1.745","1,03K","-0,29%"
"29/11/2023","1.750","1.750","1.750","1.750","0,40K","-4,37%"
"28/11/2023","1.830","1.830","1.830","1.830","6,88K","1,67%"
"27/11/2023","1.800","1.800","1.800","1.800","1,50K","-0,83%"
"24/11/2023","1.815","1.815","1.815","1.815","5,22K","6,76%"
"23/11/2023","1.700","1.700","1.700","1.700","1,07K","-3,95%"
"22/11/2023","1.770","1.770","1.770","1.770","3,76K","7,27%"
"21/11/2023","1.650","1.650","1.650","1.650","19,96K","3,45%"
"20/11/2023","1.595","1.595","1.595","1.595","9,16K","1,59%"
"17/11/2023","1.570","1.570","1.570","1.570","0,77K","0,00%"
"16/11/2023","1.570","1.570","1.570","1.570","2,49K","-0,63%"
"14/11/2023","1.580","1.580","1.580","1.580","8,74K","7,48%"
"13/11/2023","1.470","1.470","1.470","1.470","6,06K","3,52%"
"10/11/2023","1.420","1.420","1.420","1.420","12,45K","-5,33%"
"09/11/2023","1.500","1.500","1.500","1.500","2,10K","-1,64%"
"08/11/2023","1.525","1.525","1.525","1.525","60,97K","0,00%"
"07/11/2023","1.525","1.525","1.525","1.525","2,65K","7,39%"
"06/11/2023","1.420","1.420","1.420","1.420","11,48K","5,19%"
"03/11/2023","1.350","1.350","1.350","1.350","3,86K","7,14%"
"02/11/2023","1.260","1.260","1.260","1.260","1,06K","6,78%"
"31/10/2023","1.180","1.180","1.180","1.180","22,02K","7,27%"
"30/10/2023","1.100","1.100","1.100","1.100","0,47K","1,85%"
"27/10/2023","1.080","1.080","1.080","1.080","0,13K","0,47%"
"26/10/2023","1.075","1.075","1.075","1.075","0,35K","-2,27%"
"25/10/2023","1.100","1.100","1.100","1.100","0,11K","0,00%"
"24/10/2023","1.100","1.100","1.100","1.100","5,31K","0,00%"
"23/10/2023","1.100","1.100","1.100","1.100","0,07K","2,33%"
"20/10/2023","1.075","1.075","1.075","1.075","0,00K","0,00%"
"19/10/2023","1.075","1.075","1.075","1.075","0,84K","0,00%"
"18/10/2023","1.075","1.075","1.075","1.075","1,67K","-7,33%"
"16/10/2023","1.160","1.160","1.160","1.160","55,32K","-0,85%"
"13/10/2023","1.170","1.170","1.170","1.170","2,10K","0,00%"
"12/10/2023","1.170","1.170","1.170","1.170","42,53K","0,86%"
"11/10/2023","1.160","1.160","1.160","1.160","5,16K","-0,43%"
"10/10/2023","1.165","1.165","1.165","1.165","0,01K","-0,43%"
"09/10/2023","1.170","1.170","1.170","1.170","0,32K","-0,43%"
"06/10/2023","1.175","1.175","1.175","1.175","0,17K","0,43%"
"05/10/2023","1.170","1.170","1.170","1.170","0,22K","0,00%"
"04/10/2023","1.170","1.170","1.170","1.170","4,53K","0,00%"
"03/10/2023","1.170","1.170","1.170","1.170","0,04K","4,93%"
"02/10/2023","1.115","1.115","1.115","1.115","0,13K","0,00%"
"29/09/2023","1.115","1.115","1.115","1.115","0,05K","-0,45%"
"28/09/2023","1.120","1.120","1.120","1.120","1,03K","0,00%"
"26/09/2023","1.120","1.120","1.120","1.120","8,00K","-4,27%"
"25/09/2023","1.170","1.170","1.170","1.170","0,23K","0,00%"
"22/09/2023","1.170","1.170","1.170","1.170","0,04K","-0,43%"
"21/09/2023","1.175","1.175","1.175","1.175","0,02K","0,00%"
"20/09/2023","1.175","1.175","1.175","1.175","0,60K","5,38%"
"19/09/2023","1.115","1.115","1.115","1.115","1,68K","0,45%"
"18/09/2023","1.110","1.110","1.110","1.110","0,90K","-0,45%"
"15/09/2023","1.115","1.115","1.115","1.115","0,35K","0,00%"
"14/09/2023","1.115","1.115","1.115","1.115","3,24K","0,00%"
"13/09/2023","1.115","1.115","1.115","1.115","5,22K","-0,45%"
"12/09/2023","1.120","1.120","1.120","1.120","0,21K","0,45%"
"11/09/2023","1.115","1.115","1.115","1.115","0,89K","-0,45%"
"08/09/2023","1.120","1.120","1.120","1.120","9,95K","0,00%"
"07/09/2023","1.120","1.120","1.120","1.120","0,25K","0,00%"
"06/09/2023","1.120","1.120","1.120","1.120","0,87K","0,00%"
"05/09/2023","1.120","1.120","1.120","1.120","0,22K","0,00%"
"04/09/2023","1.120","1.120","1.120","1.120","0,42K","0,00%"
"01/09/2023","1.120","1.120","1.120","1.120","0,29K","0,45%"
"31/08/2023","1.115","1.115","1.115","1.115","4,83K","0,00%"
"30/08/2023","1.115","1.115","1.115","1.115","0,14K","0,45%"
"29/08/2023","1.110","1.110","1.110","1.110","6,22K","-0,45%"
"28/08/2023","1.115","1.115","1.115","1.115","13,81K","-0,45%"
"25/08/2023","1.120","1.120","1.120","1.120","0,52K","0,90%"
"24/08/2023","1.110","1.110","1.110","1.110","0,90K","0,45%"
"23/08/2023","1.105","1.105","1.105","1.105","0,65K","-1,34%"
"22/08/2023","1.120","1.120","1.120","1.120","0,60K","1,82%"
"21/08/2023","1.100","1.100","1.100","1.100","1,58K","-1,79%"
"18/08/2023","1.120","1.120","1.120","1.120","5,15K","0,00%"
"17/08/2023","1.120","1.120","1.120","1.120","1,25K","-4,68%"
"16/08/2023","1.175","1.175","1.175","1.175","1,07K","6,82%"
"14/08/2023","1.100","1.100","1.100","1.100","0,26K","0,00%"
"11/08/2023","1.100","1.100","1.100","1.100","4,02K","-2,22%"
"10/08/2023","1.125","1.125","1.125","1.125","13,71K","2,27%"
"09/08/2023","1.100","1.100","1.100","1.100","0,20K","-2,22%"
"08/08/2023","1.125","1.125","1.125","1.125","46,88K","0,00%"
"04/08/2023","1.125","1.125","1.125","1.125","0,62K","2,27%"
"03/08/2023","1.100","1.100","1.100","1.100","3,43K","-1,35%"
"02/08/2023","1.115","1.115","1.115","1.115","5,07K","0,00%"
"01/08/2023","1.115","1.115","1.115","1.115","0,47K","0,00%"
"31/07/2023","1.115","1.115","1.115","1.115","0,31K","-0,89%"
"28/07/2023","1.125","1.125","1.125","1.125","0,14K","0,45%"
"27/07/2023","1.120","1.120","1.120","1.120","0,00K","1,82%"
"25/07/2023","1.100","1.100","1.100","1.100","43,76K","1,85%"
"24/07/2023","1.080","1.080","1.080","1.080","2,80K","-2,70%"
"21/07/2023","1.110","1.110","1.110","1.110","0,51K","0,45%"
"20/07/2023","1.105","1.105","1.105","1.105","7,77K","2,31%"
"19/07/2023","1.080","1.080","1.080","1.080","1,14K","-1,82%"
"18/07/2023","1.100","1.100","1.100","1.100","24,43K","-6,78%"
"17/07/2023","1.180","1.180","1.180","1.180","0,48K","7,27%"
"14/07/2023","1.100","1.100","1.100","1.100","15,42K","-5,98%"
"13/07/2023","1.170","1.170","1.170","1.170","1,52K","1,74%"
"12/07/2023","1.150","1.150","1.150","1.150","0,01K","4,55%"
"11/07/2023","1.100","1.100","1.100","1.100","0,09K","0,00%"
"10/07/2023","1.100","1.100","1.100","1.100","0,22K","0,00%"
"07/07/2023","1.100","1.100","1.100","1.100","0,66K","0,00%"
"06/07/2023","1.100","1.100","1.100","1.100","12,30K","0,00%"
"05/07/2023","1.100","1.100","1.100","1.100","0,17K","0,00%"
"04/07/2023","1.100","1.100","1.100","1.100","6,51K","-5,98%"
"03/07/2023","1.170","1.170","1.170","1.170","4,15K","6,36%"
"30/06/2023","1.100","1.100","1.100","1.100","0,50K","0,46%"
"29/06/2023","1.095","1.095","1.095","1.095","0,17K","-0,45%"
"27/06/2023","1.100","1.100","1.100","1.100","0,02K","1,85%"
"26/06/2023","1.080","1.080","1.080","1.080","1,83K","-1,82%"
"23/06/2023","1.100","1.100","1.100","1.100","0,66K","0,00%"
"22/06/2023","1.100","1.100","1.100","1.100","1,56K","0,00%"
"21/06/2023","1.100","1.100","1.100","1.100","0,33K","0,00%"
"20/06/2023","1.100","1.100","1.100","1.100","0,17K","0,00%"
"19/06/2023","1.100","1.100","1.100","1.100","1,39K","0,00%"
"16/06/2023","1.100","1.100","1.100","1.100","0,72K","0,00%"
"15/06/2023","1.100","1.100","1.100","1.100","0,20K","0,00%"
"14/06/2023","1.100","1.100","1.100","1.100","6,10K","-4,35%"
"13/06/2023","1.150","1.150","1.150","1.150","0,00K","-1,71%"
"12/06/2023","1.170","1.170","1.170","1.170","0,00K","6,36%"
"09/06/2023","1.100","1.100","1.100","1.100","0,01K","-5,98%"
"08/06/2023","1.170","1.170","1.170","1.170","0,08K","-0,43%"
"07/06/2023","1.175","1.175","1.175","1.175","0,10K","7,31%"
"06/06/2023","1.095","1.095","1.095","1.095","1,86K","-7,20%"
"05/06/2023","1.180","1.180","1.180","1.180","19,74K","0,85%"
"02/06/2023","1.170","1.170","1.170","1.170","0,04K","0,00%"
"01/06/2023","1.170","1.170","1.170","1.170","0,02K","-1,27%"
"31/05/2023","1.185","1.185","1.185","1.185","1,13K","-1,25%"
"30/05/2023","1.200","1.200","1.200","1.200","0,97K","3,00%"
"26/05/2023","1.165","1.165","1.165","1.165","1,83K","-0,43%"
"25/05/2023","1.170","1.170","1.170","1.170","0,28K","-0,43%"
"23/05/2023","1.175","1.175","1.175","1.175","2,00K","0,43%"
"22/05/2023","1.170","1.170","1.170","1.170","1,81K","1,74%"
"19/05/2023","1.150","1.150","1.150","1.150","4,25K","0,44%"
"17/05/2023","1.145","1.145","1.145","1.145","0,30K","0,44%"
"16/05/2023","1.140","1.140","1.140","1.140","0,33K","-3,39%"
"15/05/2023","1.180","1.180","1.180","1.180","0,05K","0,00%"
"12/05/2023","1.180","1.180","1.180","1.180","4,35K","-0,42%"
"11/05/2023","1.185","1.185","1.185","1.185","0,44K","0,00%"
"10/05/2023","1.185","1.185","1.185","1.185","1,22K","0,85%"
"09/05/2023","1.175","1.175","1.175","1.175","1,17K","0,00%"
"08/05/2023","1.175","1.175","1.175","1.175","0,09K","0,43%"
"05/05/2023","1.170","1.170","1.170","1.170","0,17K","0,00%"
"04/05/2023","1.170","1.170","1.170","1.170","0,09K","7,34%"
"02/05/2023","1.090","1.090","1.090","1.090","0,15K","-7,23%"
"28/04/2023","1.175","1.175","1.175","1.175","0,23K","-0,42%"
"27/04/2023","1.180","1.180","1.180","1.180","0,08K","7,27%"
"26/04/2023","1.100","1.100","1.100","1.100","0,07K","-7,17%"
"25/04/2023","1.185","1.185","1.185","1.185","0,07K","0,00%"
"24/04/2023","1.185","1.185","1.185","1.185","0,04K","-1,66%"
"19/04/2023","1.205","1.205","1.205","1.205","0,04K","-1,63%"
"17/04/2023","1.225","1.225","1.225","1.225","0,00K","-0,41%"
"13/04/2023","1.230","1.230","1.230","1.230","0,26K","0,00%"
"12/04/2023","1.230","1.230","1.230","1.230","0,30K","2,50%"
"11/04/2023","1.200","1.200","1.200","1.200","0,80K","0,00%"
"07/04/2023","1.200","1.200","1.200","1.200","0,90K","4,35%"
"06/04/2023","1.150","1.150","1.150","1.150","1,36K","0,00%"
"05/04/2023","1.150","1.150","1.150","1.150","0,10K","3,60%"
"03/04/2023","1.110","1.110","1.110","1.110","2,57K","-7,11%"
"31/03/2023","1.195","1.195","1.195","1.195","0,55K","3,91%"
"30/03/2023","1.150","1.150","1.150","1.150","2,20K","-4,17%"
"29/03/2023","1.200","1.200","1.200","1.200","0,09K","0,00%"
"28/03/2023","1.200","1.200","1.200","1.200","4,43K","-2,04%"
"27/03/2023","1.225","1.225","1.225","1.225","0,14K","2,08%"
"24/03/2023","1.200","1.200","1.200","1.200","0,04K","0,00%"
"23/03/2023","1.200","1.200","1.200","1.200","0,24K","1,69%"
"22/03/2023","1.180","1.180","1.180","1.180","0,38K","-1,67%"
"21/03/2023","1.200","1.200","1.200","1.200","0,37K","-0,41%"
"20/03/2023","1.205","1.205","1.205","1.205","0,77K","0,42%"
"16/03/2023","1.200","1.200","1.200","1.200","0,02K","0,00%"
"15/03/2023","1.200","1.200","1.200","1.200","1,65K","3,45%"
"14/03/2023","1.160","1.160","1.160","1.160","1,31K","-0,43%"
"13/03/2023","1.165","1.165","1.165","1.165","0,46K","0,00%"
"10/03/2023","1.165","1.165","1.165","1.165","0,37K","-2,51%"
"08/03/2023","1.195","1.195","1.195","1.195","0,26K","-0,42%"
"07/03/2023","1.200","1.200","1.200","1.200","0,02K","-2,83%"
"06/03/2023","1.235","1.235","1.235","1.235","0,11K","2,92%"
"03/03/2023","1.200","1.200","1.200","1.200","100,08K","0,00%"
"02/03/2023","1.200","1.200","1.200","1.200","0,75K","0,42%"
"28/02/2023","1.195","1.195","1.195","1.195","0,17K","-0,42%"
"27/02/2023","1.200","1.200","1.200","1.200","1,02K","-4,00%"
"24/02/2023","1.250","1.250","1.250","1.250","1,08K","-0,79%"
"23/02/2023","1.260","1.260","1.260","1.260","0,31K","5,00%"
"22/02/2023","1.200","1.200","1.200","1.200","0,25K","-6,25%"
"21/02/2023","1.280","1.280","1.280","1.280","0,02K","6,67%"
"20/02/2023","1.200","1.200","1.200","1.200","0,50K","0,00%"
"17/02/2023","1.200","1.200","1.200","1.200","0,17K","4,80%"
"16/02/2023","1.145","1.145","1.145","1.145","0,22K","6,02%"
"14/02/2023","1.080","1.080","1.080","1.080","5,54K","-6,90%"
"13/02/2023","1.160","1.160","1.160","1.160","6,04K","-7,20%"
"10/02/2023","1.250","1.250","1.250","1.250","0,61K","-0,40%"
"09/02/2023","1.255","1.255","1.255","1.255","1,52K","4,58%"
"08/02/2023","1.200","1.200","1.200","1.200","0,04K","-4,00%"
"07/02/2023","1.250","1.250","1.250","1.250","0,50K","0,00%"
"06/02/2023","1.250","1.250","1.250","1.250","1,05K","0,00%"
"03/02/2023","1.250","1.250","1.250","1.250","0,42K","0,00%"
"02/02/2023","1.250","1.250","1.250","1.250","0,45K","-7,41%"
"31/01/2023","1.350","1.350","1.350","1.350","0,69K","0,00%"
"30/01/2023","1.350","1.350","1.350","1.350","1,97K","5,47%"
"27/01/2023","1.280","1.280","1.280","1.280","0,25K","-4,48%"
"26/01/2023","1.340","1.340","1.340","1.340","0,09K","-4,29%"
"25/01/2023","1.400","1.400","1.400","1.400","0,07K","0,00%"
"23/01/2023","1.400","1.400","1.400","1.400","0,36K","3,70%"
"20/01/2023","1.350","1.350","1.350","1.350","0,08K","0,00%"
"19/01/2023","1.350","1.350","1.350","1.350","0,01K","0,00%"
"18/01/2023","1.350","1.350","1.350","1.350","0,57K","0,00%"
"17/01/2023","1.350","1.350","1.350","1.350","0,10K","3,85%"
"13/01/2023","1.300","1.300","1.300","1.300","0,36K","0,00%"
"12/01/2023","1.300","1.300","1.300","1.300","1,17K","0,39%"
"11/01/2023","1.295","1.295","1.295","1.295","0,01K","-0,38%"
"10/01/2023","1.300","1.300","1.300","1.300","0,01K","-6,47%"
"06/01/2023","1.390","1.390","1.390","1.390","0,05K","-0,36%"
"05/01/2023","1.395","1.395","1.395","1.395","0,04K","-3,13%"
"04/01/2023","1.440","1.440","1.440","1.440","0,37K","0,00%"
"03/01/2023","1.440","1.440","1.440","1.440","0,23K","-3,68%"
"02/01/2023","1.495","1.495","1.495","1.495","0,14K","-6,56%"
"30/12/2022","1.600","1.600","1.600","1.600","2,01K","-1,84%"
"29/12/2022","1.630","1.630","1.630","1.630","13,64K","6,89%"
"28/12/2022","1.525","1.525","1.525","1.525","15,45K","2,01%"
"27/12/2022","1.495","1.495","1.495","1.495","18,46K","7,17%"
"23/12/2022","1.395","1.395","1.395","1.395","8,09K","4,10%"
"22/12/2022","1.340","1.340","1.340","1.340","15,29K","7,20%"
"21/12/2022","1.250","1.250","1.250","1.250","0,03K","0,00%"
"20/12/2022","1.250","1.250","1.250","1.250","0,63K","4,17%"
"19/12/2022","1.200","1.290","1.290","1.290","0,68K","-6,98%"
"16/12/2022","1.290","1.290","1.290","1.290","0,16K","-0,39%"
"15/12/2022","1.295","1.295","1.295","1.295","1,48K","-4,07%"
"14/12/2022","1.350","1.350","1.350","1.350","5,97K","4,65%"
"13/12/2022","1.290","1.290","1.290","1.290","0,06K","0,00%"
"12/12/2022","1.290","1.290","1.290","1.290","1,46K","3,20%"
"09/12/2022","1.250","1.250","1.250","1.250","4,89K","4,17%"
"07/12/2022","1.200","1.200","1.200","1.200","0,02K","1,27%"
"06/12/2022","1.185","1.185","1.185","1.185","0,07K","0,00%"
"05/12/2022","1.185","1.185","1.185","1.185","0,41K","7,24%"
"02/12/2022","1.105","1.105","1.105","1.105","0,17K","-0,45%"
"01/12/2022","1.110","1.110","1.110","1.110","1,11K","-7,11%"
"30/11/2022","1.195","1.195","1.195","1.195","0,09K","0,00%"
"29/11/2022","1.195","1.195","1.195","1.195","0,93K","-0,42%"
"28/11/2022","1.200","1.200","1.200","1.200","0,66K","-2,04%"
"25/11/2022","1.225","1.225","1.225","1.225","0,04K","-0,81%"
"24/11/2022","1.235","1.235","1.235","1.235","0,01K","0,00%"
"23/11/2022","1.235","1.235","1.235","1.235","2,00K","0,00%"
"22/11/2022","1.235","1.235","1.235","1.235","0,92K","2,92%"
"21/11/2022","1.200","1.200","1.200","1.200","0,89K","-2,04%"
"18/11/2022","1.225","1.225","1.225","1.225","0,10K","5,15%"
"17/11/2022","1.165","1.165","1.165","1.165","0,42K","0,43%"
"16/11/2022","1.160","1.160","1.160","1.160","1,43K","-6,07%"
"11/11/2022","1.235","1.235","1.235","1.235","0,13K","-3,14%"
"10/11/2022","1.275","1.275","1.275","1.275","3,70K","6,25%"
"09/11/2022","1.200","1.200","1.200","1.200","7,85K","-7,34%"
"08/11/2022","1.295","1.295","1.295","1.295","4,11K","-0,38%"
"07/11/2022","1.300","1.300","1.300","1.300","2,37K","0,00%"
"04/11/2022","1.300","1.300","1.300","1.300","0,39K","-3,70%"
"03/11/2022","1.350","1.350","1.350","1.350","1,23K","0,00%"
"02/11/2022","1.350","1.350","1.350","1.350","0,07K","6,30%"
"31/10/2022","1.270","1.270","1.270","1.270","0,39K","0,00%"
"28/10/2022","1.270","1.270","1.270","1.270","0,16K","-0,39%"
"27/10/2022","1.275","1.275","1.275","1.275","0,02K","4,94%"
"26/10/2022","1.215","1.215","1.215","1.215","0,01K","0,41%"
"25/10/2022","1.210","1.210","1.210","1.210","0,16K","-6,20%"
"24/10/2022","1.290","1.290","1.290","1.290","0,23K","7,50%"
"21/10/2022","1.200","1.200","1.200","1.200","0,43K","3,00%"
"20/10/2022","1.165","1.165","1.165","1.165","3,41K","-6,05%"
"19/10/2022","1.240","1.240","1.240","1.240","2,30K","-7,46%"
"18/10/2022","1.340","1.340","1.340","1.340","0,68K","0,00%"
"17/10/2022","1.340","1.340","1.340","1.340","0,50K","-3,25%"
"14/10/2022","1.385","1.385","1.385","1.385","0,51K","0,36%"
"13/10/2022","1.380","1.380","1.380","1.380","1,14K","5,34%"
"12/10/2022","1.310","1.310","1.310","1.310","4,42K","4,80%"
"11/10/2022","1.250","1.250","1.250","1.250","0,21K","2,88%"
"10/10/2022","1.215","1.215","1.215","1.215","0,16K","-2,80%"
"07/10/2022","1.250","1.250","1.250","1.250","0,05K","2,46%"
"06/10/2022","1.220","1.220","1.220","1.220","0,31K","0,00%"
"05/10/2022","1.220","1.220","1.220","1.220","0,01K","0,41%"
"04/10/2022","1.215","1.215","1.215","1.215","0,81K","-2,41%"
"03/10/2022","1.245","1.245","1.245","1.245","0,30K","0,00%"
"30/09/2022","1.245","1.245","1.245","1.245","0,89K","-0,40%"
"29/09/2022","1.250","1.250","1.250","1.250","0,25K","0,00%"
"28/09/2022","1.250","1.250","1.250","1.250","0,90K","-1,96%"
"27/09/2022","1.275","1.275","1.275","1.275","0,05K","-1,54%"
"26/09/2022","1.295","1.295","1.295","1.295","4,83K","1,57%"
"23/09/2022","1.275","1.275","1.275","1.275","0,17K","0,00%"
"22/09/2022","1.275","1.275","1.275","1.275","6,09K","-0,39%"
"21/09/2022","1.280","1.280","1.280","1.280","0,35K","-1,16%"
"20/09/2022","1.295","1.295","1.295","1.295","1,32K","0,39%"
"19/09/2022","1.290","1.290","1.290","1.290","1,19K","1,18%"
"16/09/2022","1.275","1.275","1.275","1.275","2,98K","0,39%"
"15/09/2022","1.270","1.270","1.270","1.270","0,37K","1,60%"
"14/09/2022","1.250","1.250","1.250","1.250","0,17K","0,00%"
"13/09/2022","1.250","1.250","1.250","1.250","0,09K","-1,96%"
"12/09/2022","1.275","1.275","1.275","1.275","0,37K","0,00%"
"09/09/2022","1.275","1.275","1.275","1.275","2,08K","1,59%"
"07/09/2022","1.255","1.255","1.255","1.255","0,46K","-2,33%"
"06/09/2022","1.285","1.285","1.285","1.285","0,11K","0,00%"
"05/09/2022","1.285","1.285","1.285","1.285","0,56K","0,00%"
"02/09/2022","1.285","1.285","1.285","1.285","0,07K","-0,39%"
"01/09/2022","1.290","1.290","1.290","1.290","0,24K","1,18%"
"31/08/2022","1.275","1.275","1.275","1.275","0,05K","2,00%"
"30/08/2022","1.250","1.250","1.250","1.250","0,85K","-3,47%"
"29/08/2022","1.295","1.295","1.295","1.295","1,91K","0,00%"
"26/08/2022","1.295","1.295","1.295","1.295","0,30K","0,00%"
"25/08/2022","1.295","1.295","1.295","1.295","1,35K","2,78%"
"24/08/2022","1.260","1.260","1.260","1.260","0,49K","-1,95%"
"23/08/2022","1.285","1.285","1.285","1.285","0,03K","-0,39%"
"22/08/2022","1.290","1.290","1.290","1.290","0,67K","0,00%"
"19/08/2022","1.290","0","0","0","0,93K","-0,39%"
"18/08/2022","1.295","1.295","1.295","1.295","0,39K","0,00%"
"17/08/2022","1.295","1.295","1.295","1.295","0,59K","-1,89%"
"16/08/2022","1.320","1.320","1.320","1.320","0,17K","0,00%"
"12/08/2022","1.320","1.320","1.320","1.320","2,80K","-1,49%"
"11/08/2022","1.340","1.340","1.340","1.340","5,80K","4,28%"
"10/08/2022","1.285","1.285","1.285","1.285","1,32K","-4,10%"
"09/08/2022","1.340","1.340","1.340","1.340","0,78K","3,08%"
"05/08/2022","1.300","1.300","1.300","1.300","1,22K","0,00%"
"04/08/2022","1.300","1.300","1.300","1.300","2,64K","0,00%"
"03/08/2022","1.300","1.300","1.300","1.300","0,17K","0,00%"
"02/08/2022","1.300","1.300","1.300","1.300","0,11K","0,00%"
"01/08/2022","1.300","1.300","1.300","1.300","0,54K","0,00%"
"29/07/2022","1.300","1.300","1.300","1.300","0,16K","0,00%"
"28/07/2022","1.300","1.300","1.300","1.300","4,05K","0,00%"
"27/07/2022","1.300","1.300","1.300","1.300","2,26K","-3,35%"
"26/07/2022","1.345","1.345","1.345","1.345","1,92K","0,37%"
"25/07/2022","1.340","1.340","1.340","1.340","0,42K","0,00%"
"22/07/2022","1.340","1.340","1.340","1.340","1,01K","3,08%"
"21/07/2022","1.300","1.300","1.300","1.300","0,20K","0,00%"
"20/07/2022","1.300","1.300","1.300","1.300","0,05K","0,00%"
"19/07/2022","1.300","1.300","1.300","1.300","0,04K","-3,35%"
"18/07/2022","1.345","1.345","1.345","1.345","5,82K","1,89%"
"15/07/2022","1.320","1.320","1.320","1.320","1,70K","-1,86%"
"14/07/2022","1.345","1.345","1.345","1.345","0,81K","1,89%"
"13/07/2022","1.320","1.320","1.320","1.320","0,14K","-5,38%"
"12/07/2022","1.395","1.395","1.395","1.395","0,01K","3,33%"
"11/07/2022","1.350","1.350","1.350","1.350","0,03K","-3,23%"
"08/07/2022","1.395","1.395","1.395","1.395","0,05K","0,00%"
"07/07/2022","1.395","1.395","1.395","1.395","5,11K","6,08%"
"06/07/2022","1.315","1.315","1.315","1.315","1,41K","0,00%"
"05/07/2022","1.315","1.315","1.315","1.315","3,28K","0,77%"
"04/07/2022","1.305","1.305","1.305","1.305","0,73K","0,77%"
"01/07/2022","1.295","1.295","1.295","1.295","1,85K","7,47%"
"30/06/2022","1.205","1.205","1.205","1.205","17,43K","-5,86%"
"29/06/2022","1.280","1.280","1.280","1.280","2,62K","-0,39%"
"28/06/2022","1.285","1.285","1.285","1.285","0,13K","-1,15%"
"27/06/2022","1.300","1.300","1.300","1.300","0,00K","-1,52%"
"24/06/2022","1.320","1.320","1.320","1.320","0,31K","0,00%"
"23/06/2022","1.320","1.320","1.320","1.320","1,14K","1,54%"
"22/06/2022","1.300","1.300","1.300","1.300","0,64K","1,56%"
"21/06/2022","1.280","1.280","1.280","1.280","2,55K","-4,48%"
"20/06/2022","1.340","1.340","1.340","1.340","1,99K","0,00%"
"17/06/2022","1.340","1.340","1.340","1.340","0,66K","3,08%"
"16/06/2022","1.300","1.300","1.300","1.300","0,71K","-2,26%"
"15/06/2022","1.330","1.330","1.330","1.330","0,15K","0,00%"
"14/06/2022","1.330","1.330","1.330","1.330","0,02K","-0,75%"
"13/06/2022","1.340","1.340","1.340","1.340","0,98K","0,37%"
"10/06/2022","1.335","1.335","1.335","1.335","0,22K","3,09%"
"09/06/2022","1.295","1.295","1.295","1.295","0,50K","7,47%"
"08/06/2022","1.205","1.205","1.205","1.205","22,89K","0,42%"
"07/06/2022","1.200","1.200","1.200","1.200","4,72K","-7,34%"
"03/06/2022","1.295","1.295","1.295","1.295","0,71K","-0,38%"
"02/06/2022","1.300","1.300","1.300","1.300","0,32K","-6,47%"
"01/06/2022","1.390","1.390","1.390","1.390","3,03K","0,00%"
"31/05/2022","1.390","1.390","1.390","1.390","1,87K","3,73%"
"30/05/2022","1.340","1.340","1.340","1.340","2,08K","-3,60%"
"27/05/2022","1.390","1.390","1.390","1.390","1,77K","6,92%"
"25/05/2022","1.300","1.300","1.300","1.300","4,37K","-3,70%"
"24/05/2022","1.350","1.350","1.350","1.350","0,30K","-6,57%"
"23/05/2022","1.445","1.445","1.445","1.445","0,23K","4,33%"
"20/05/2022","1.385","1.385","1.385","1.385","0,11K","7,36%"
"19/05/2022","1.290","1.290","1.290","1.290","5,26K","0,00%"
"18/05/2022","1.290","1.290","1.290","1.290","0,38K","3,20%"
"17/05/2022","1.250","1.250","1.250","1.250","2,96K","2,04%"
"16/05/2022","1.225","1.225","1.225","1.225","2,31K","-2,00%"
"13/05/2022","1.250","1.250","1.250","1.250","2,27K","-2,34%"
"12/05/2022","1.280","1.280","1.280","1.280","1,56K","4,92%"
"11/05/2022","1.220","1.220","1.220","1.220","0,44K","-5,43%"
"10/05/2022","1.290","1.290","1.290","1.290","3,98K","-0,77%"
"09/05/2022","1.300","1.300","1.300","1.300","6,49K","-7,47%"
"06/05/2022","1.405","1.405","1.405","1.405","0,15K","0,00%"
"05/05/2022","1.405","1.405","1.405","1.405","1,53K","-3,77%"
"04/05/2022","1.460","1.460","1.460","1.460","0,62K","-2,01%"
"03/05/2022","1.490","1.490","1.490","1.490","0,22K","-0,67%"
"29/04/2022","1.500","1.500","1.500","1.500","0,16K","3,45%"
"26/04/2022","1.450","1.450","1.450","1.450","1,72K","-2,36%"
"25/04/2022","1.485","1.485","1.485","1.485","0,70K","-6,31%"
"22/04/2022","1.585","1.585","1.585","1.585","1,57K","0,00%"
"21/04/2022","1.585","1.585","1.585","1.585","0,20K","-0,63%"
"20/04/2022","1.595","1.595","1.595","1.595","45,22K","2,24%"
"19/04/2022","1.560","1.560","1.560","1.560","6,53K","5,41%"
"15/04/2022","1.480","1.480","1.480","1.480","1,05K","0,34%"
"14/04/2022","1.475","1.475","1.475","1.475","0,46K","-6,05%"
"13/04/2022","1.570","1.570","1.570","1.570","2,53K","7,17%"
"12/04/2022","1.465","1.465","1.465","1.465","0,14K","1,03%"
"11/04/2022","1.450","1.450","1.450","1.450","1,00K","3,20%"
"08/04/2022","1.405","1.405","1.405","1.405","2,18K","0,00%"
"07/04/2022","1.405","1.405","1.405","1.405","1,16K","7,25%"
"06/04/2022","1.310","1.310","1.310","1.310","3,07K","-6,76%"
"05/04/2022","1.405","1.405","1.405","1.405","14,97K","-6,33%"
"04/04/2022","1.500","1.500","1.500","1.500","2,48K","-3,85%"
"01/04/2022","1.560","1.560","1.560","1.560","2,51K","0,65%"
"31/03/2022","1.550","1.550","1.550","1.550","0,94K","0,65%"
"30/03/2022","1.540","1.540","1.540","1.540","0,31K","-0,32%"
"29/03/2022","1.545","1.545","1.545","1.545","0,71K","0,32%"
"28/03/2022","1.540","1.540","1.540","1.540","1,14K","1,32%"
"25/03/2022","1.520","1.520","1.520","1.520","93,93K","7,42%"
"24/03/2022","1.415","1.415","1.415","1.415","7,94K","-4,07%"
"23/03/2022","1.475","1.475","1.475","1.475","2,03K","0,00%"
"22/03/2022","1.475","1.475","1.475","1.475","1,42K","0,68%"
"21/03/2022","1.465","1.465","1.465","1.465","2,75K","-0,34%"
"18/03/2022","1.470","1.470","1.470","1.470","1,19K","-4,55%"
"17/03/2022","1.540","1.540","1.540","1.540","1,24K","-1,60%"
"16/03/2022","1.565","1.565","1.565","1.565","0,75K","-0,95%"
"15/03/2022","1.580","1.580","1.580","1.580","9,03K","0,32%"
"14/03/2022","1.575","1.575","1.575","1.575","2,14K","-4,55%"
"11/03/2022","1.650","1.650","1.650","1.650","3,33K","4,43%"
"10/03/2022","1.580","1.580","1.580","1.580","2,36K","5,33%"
"09/03/2022","1.500","1.500","1.500","1.500","0,95K","2,04%"
"08/03/2022","1.470","1.470","1.470","1.470","2,10K","0,68%"
"07/03/2022","1.460","1.460","1.460","1.460","7,89K","-7,30%"
"04/03/2022","1.575","1.575","1.575","1.575","0,13K","-0,32%"
"03/03/2022","1.580","1.580","1.580","1.580","8,48K","0,00%"
"02/03/2022","1.580","1.580","1.580","1.580","1,24K","-0,32%"
"01/03/2022","1.585","1.585","1.585","1.585","3,46K","-0,31%"
"28/02/2022","1.590","1.590","1.590","1.590","7,44K","-0,31%"
"25/02/2022","1.595","1.595","1.595","1.595","2,00K","-0,31%"
"24/02/2022","1.600","1.600","1.600","1.600","1,05K","0,00%"
"23/02/2022","1.600","1.600","1.600","1.600","0,84K","2,56%"
"22/02/2022","1.560","1.560","1.560","1.560","0,38K","-2,50%"
"21/02/2022","1.600","1.600","1.600","1.600","2,49K","-1,84%"
"18/02/2022","1.630","1.630","1.630","1.630","1,41K","0,00%"
"17/02/2022","1.630","1.630","1.630","1.630","1,98K","1,88%"
"16/02/2022","1.600","1.600","1.600","1.600","0,14K","0,00%"
"15/02/2022","1.600","1.600","1.600","1.600","3,47K","-2,44%"
"14/02/2022","1.640","1.640","1.640","1.640","0,98K","0,00%"
"11/02/2022","1.640","1.640","1.640","1.640","1,96K","-3,53%"
"10/02/2022","1.700","1.700","1.700","1.700","0,77K","2,41%"
"09/02/2022","1.660","1.660","1.660","1.660","0,21K","-4,60%"
"08/02/2022","1.740","1.740","1.740","1.740","0,64K","-0,29%"
"07/02/2022","1.745","1.745","1.745","1.745","2,13K","2,65%"
"04/02/2022","1.700","1.700","1.700","1.700","0,53K","0,89%"
"03/02/2022","1.685","1.685","1.685","1.685","0,48K","-0,88%"
"02/02/2022","1.700","1.700","1.700","1.700","0,66K","0,00%"
"01/02/2022","1.700","1.700","1.700","1.700","0,35K","0,00%"
"31/01/2022","1.700","1.700","1.700","1.700","0,23K","0,00%"
"28/01/2022","1.700","1.700","1.700","1.700","0,78K","-2,86%"
"27/01/2022","1.750","1.750","1.750","1.750","0,33K","-1,69%"
"26/01/2022","1.780","1.780","1.780","1.780","1,25K","4,09%"
"25/01/2022","1.710","1.710","1.710","1.710","0,19K","-4,47%"
"24/01/2022","1.790","1.790","1.790","1.790","0,40K","0,00%"
"21/01/2022","1.790","1.790","1.790","1.790","1,98K","5,29%"
"20/01/2022","1.700","1.700","1.700","1.700","5,99K","3,03%"
"19/01/2022","1.650","1.650","1.650","1.650","1,03K","3,45%"
"18/01/2022","1.595","1.595","1.595","1.595","0,39K","-3,33%"
"17/01/2022","1.650","1.650","1.650","1.650","0,29K","-2,94%"
"14/01/2022","1.700","1.700","1.700","1.700","0,79K","0,00%"
"13/01/2022","1.700","1.700","1.700","1.700","1,45K","6,25%"
"12/01/2022","1.600","1.600","1.600","1.600","0,23K","0,00%"
"11/01/2022","1.600","1.600","1.600","1.600","3,46K","1,59%"
"10/01/2022","1.575","1.575","1.575","1.575","0,38K","1,61%"
"07/01/2022","1.550","1.550","1.550","1.550","1,69K","0,00%"
"06/01/2022","1.550","1.550","1.550","1.550","0,77K","3,33%"
"05/01/2022","1.500","1.500","1.500","1.500","0,38K","0,00%"
"04/01/2022","1.500","1.500","1.500","1.500","1,26K","-6,25%"
"03/01/2022","1.600","1.600","1.600","1.600","0,35K","-4,76%"
"31/12/2021","1.680","1.680","1.680","1.680","11,74K","5,66%"
"30/12/2021","1.590","1.590","1.590","1.590","6,03K","4,26%"
"29/12/2021","1.525","1.525","1.525","1.525","2,96K","-7,29%"
"28/12/2021","1.645","1.645","1.645","1.645","1,90K","-1,50%"
"27/12/2021","1.670","1.670","1.670","1.670","1,37K","-0,30%"
"24/12/2021","1.675","1.675","1.675","1.675","0,15K","3,40%"
"23/12/2021","1.620","1.620","1.620","1.620","0,71K","0,00%"
"22/12/2021","1.620","1.620","1.620","1.620","0,47K","1,25%"
"21/12/2021","1.600","1.600","1.600","1.600","1,58K","-3,03%"
"20/12/2021","1.650","1.650","1.650","1.650","1,94K","-1,20%"
"17/12/2021","1.670","1.670","1.670","1.670","0,47K","-0,89%"
"16/12/2021","1.685","1.685","1.685","1.685","0,01K","-0,30%"
"15/12/2021","1.690","1.690","1.690","1.690","2,52K","5,63%"
"14/12/2021","1.600","1.600","1.600","1.600","3,82K","-3,03%"
"13/12/2021","1.650","1.650","1.650","1.650","0,12K","2,17%"
"10/12/2021","1.615","1.615","1.615","1.615","2,11K","-5,00%"
"09/12/2021","1.700","1.700","1.700","1.700","0,91K","3,03%"
"08/12/2021","1.650","1.650","1.650","1.650","0,77K","-2,94%"
"07/12/2021","1.700","1.700","1.700","1.700","3,29K","3,03%"
"06/12/2021","1.650","1.650","1.650","1.650","1,57K","-5,71%"
"03/12/2021","1.750","1.750","1.750","1.750","0,45K","-2,23%"
"02/12/2021","1.790","1.790","1.790","1.790","1,75K","-0,28%"
"01/12/2021","1.795","1.795","1.795","1.795","0,28K","5,59%"
"30/11/2021","1.700","1.700","1.700","1.700","0,18K","0,00%"
"29/11/2021","1.700","1.700","1.700","1.700","2,39K","0,00%"
"26/11/2021","1.700","1.700","1.700","1.700","0,85K","0,00%"
"25/11/2021","1.700","1.700","1.700","1.700","2,17K","0,00%"
"24/11/2021","1.700","1.700","1.700","1.700","2,00K","-0,58%"
"23/11/2021","1.710","1.710","1.710","1.710","0,17K","0,29%"
"22/11/2021","1.705","1.705","1.705","1.705","1,89K","0,29%"
"19/11/2021","1.700","1.700","1.700","1.700","10,65K","-5,56%"
"18/11/2021","1.800","1.800","1.800","1.800","3,65K","-2,70%"
"17/11/2021","1.850","1.850","1.850","1.850","2,30K","3,06%"
"16/11/2021","1.795","1.795","1.795","1.795","0,36K","-0,28%"
"12/11/2021","1.800","1.800","1.800","1.800","0,53K","0,28%"
"11/11/2021","1.795","1.795","1.795","1.795","0,21K","-0,28%"
"10/11/2021","1.800","1.800","1.800","1.800","9,17K","1,12%"
"09/11/2021","1.780","1.780","1.780","1.780","0,64K","-1,11%"
"08/11/2021","1.800","1.800","1.800","1.800","2,48K","0,00%"
"05/11/2021","1.800","1.800","1.800","1.800","0,30K","-0,28%"
"04/11/2021","1.805","1.805","1.805","1.805","1,36K","6,18%"
"03/11/2021","1.700","1.700","1.700","1.700","1,06K","0,29%"
"02/11/2021","1.695","1.695","1.695","1.695","4,48K","1,50%"
"29/10/2021","1.670","1.670","1.670","1.670","1,08K","1,21%"
"28/10/2021","1.650","1.650","1.650","1.650","1,84K","-5,17%"
"27/10/2021","1.740","1.740","1.740","1.740","0,68K","6,75%"
"26/10/2021","1.630","1.630","1.630","1.630","2,30K","0,62%"
"25/10/2021","1.620","1.620","1.620","1.620","3,28K","0,93%"
"22/10/2021","1.605","1.605","1.605","1.605","2,68K","-5,59%"
"21/10/2021","1.700","1.700","1.700","1.700","1,26K","-1,73%"
"20/10/2021","1.730","1.730","1.730","1.730","0,42K","-1,42%"
"19/10/2021","1.755","1.755","1.755","1.755","7,50K","-4,88%"
"15/10/2021","1.845","1.845","1.845","1.845","0,61K","-0,81%"
"14/10/2021","1.860","1.860","1.860","1.860","6,35K","-3,63%"
"13/10/2021","1.930","1.930","1.930","1.930","0,01K","4,04%"
"12/10/2021","1.855","1.855","1.855","1.855","0,52K","0,27%"
"11/10/2021","1.850","1.850","1.850","1.850","4,01K","0,00%"
"08/10/2021","1.850","1.850","1.850","1.850","8,71K","-2,63%"
"07/10/2021","1.900","1.900","1.900","1.900","6,75K","0,00%"
"06/10/2021","1.900","1.900","1.900","1.900","0,62K","2,70%"
"05/10/2021","1.850","1.850","1.850","1.850","5,89K","0,00%"
"04/10/2021","1.850","1.850","1.850","1.850","5,25K","-2,63%"
"01/10/2021","1.900","1.900","1.900","1.900","14,53K","-2,31%"
"30/09/2021","1.945","1.945","1.945","1.945","6,39K","0,00%"
"29/09/2021","1.945","1.945","1.945","1.945","1,82K","0,00%"
"28/09/2021","1.945","1.945","1.945","1.945","0,17K","-0,26%"
"27/09/2021","1.950","1.950","1.950","1.950","0,01K","0,00%"
"24/09/2021","1.950","1.950","1.950","1.950","3,78K","2,63%"
"23/09/2021","1.900","1.900","1.900","1.900","3,48K","-4,28%"
"22/09/2021","1.985","1.985","1.985","1.985","0,42K","-0,25%"
"21/09/2021","1.990","1.990","1.990","1.990","8,56K","0,76%"
"20/09/2021","1.975","1.975","1.975","1.975","2,06K","0,00%"
"17/09/2021","1.975","1.975","1.975","1.975","0,51K","4,22%"
"16/09/2021","1.895","1.895","1.895","1.895","0,90K","1,61%"
"15/09/2021","1.865","1.865","1.865","1.865","8,07K","-1,84%"
"14/09/2021","1.900","1.900","1.900","1.900","2,11K","0,26%"
"13/09/2021","1.895","1.895","1.895","1.895","4,98K","-1,81%"
"10/09/2021","1.930","1.930","1.930","1.930","0,42K","-2,53%"
"09/09/2021","1.980","1.980","1.980","1.980","24,47K","2,59%"
"08/09/2021","1.930","1.930","1.930","1.930","2,01K","0,26%"
"07/09/2021","1.925","1.925","1.925","1.925","3,07K","-1,28%"
"06/09/2021","1.950","1.950","1.950","1.950","0,64K","0,00%"
"03/09/2021","1.950","1.950","1.950","1.950","1,62K","0,00%"
"02/09/2021","1.950","1.950","1.950","1.950","0,92K","1,83%"
"01/09/2021","1.915","1.915","1.915","1.915","0,13K","0,26%"
"31/08/2021","1.910","1.910","1.910","1.910","0,42K","-1,55%"
"30/08/2021","1.940","1.940","1.940","1.940","0,59K","-0,26%"
"27/08/2021","1.945","1.945","1.945","1.945","2,09K","1,83%"
"26/08/2021","1.910","1.910","1.910","1.910","3,32K","0,26%"
"25/08/2021","1.905","1.905","1.905","1.905","2,00K","-3,30%"
"24/08/2021","1.970","1.970","1.970","1.970","0,31K","-0,25%"
"23/08/2021","1.975","1.975","1.975","1.975","0,52K","0,00%"
"20/08/2021","1.975","1.975","1.975","1.975","1,43K","0,00%"
"19/08/2021","1.975","1.975","1.975","1.975","0,41K","-0,50%"
"18/08/2021","1.985","1.985","1.985","1.985","0,22K","0,00%"
"17/08/2021","1.985","1.985","1.985","1.985","0,10K","-0,25%"
"16/08/2021","1.990","1.990","1.990","1.990","0,06K","6,99%"
"13/08/2021","1.860","1.860","1.860","1.860","5,15K","0,00%"
"12/08/2021","1.860","1.860","1.860","1.860","0,26K","0,27%"
"11/08/2021","1.855","1.855","1.855","1.855","0,46K","-1,85%"
"10/08/2021","1.890","1.890","1.890","1.890","11,52K","-0,26%"
"09/08/2021","1.895","1.895","1.895","1.895","0,23K","0,26%"
"06/08/2021","1.890","1.890","1.890","1.890","0,29K","2,16%"
"05/08/2021","1.850","1.850","1.850","1.850","1,27K","-2,63%"
"04/08/2021","1.900","1.900","1.900","1.900","2,35K","0,00%"
"03/08/2021","1.900","1.900","1.900","1.900","0,50K","-1,55%"
"02/08/2021","1.930","1.930","1.930","1.930","0,36K","-1,03%"
"30/07/2021","1.950","1.950","1.950","1.950","0,09K","-2,50%"
"29/07/2021","2.000","2.000","2.000","2.000","0,52K","3,09%"
"28/07/2021","1.940","1.940","1.940","1.940","1,13K","-4,90%"
"27/07/2021","2.040","2.040","2.040","2.040","14,32K","-7,06%"
"26/07/2021","2.195","2.195","2.195","2.195","4,17K","5,28%"
"23/07/2021","2.085","2.085","2.085","2.085","14,33K","1,96%"
"22/07/2021","2.045","2.045","2.045","2.045","2,58K","0,00%"
"21/07/2021","2.045","2.045","2.045","2.045","3,70K","0,25%"
"19/07/2021","2.040","2.040","2.040","2.040","0,19K","-0,24%"
"16/07/2021","2.045","2.045","2.045","2.045","2,67K","0,25%"
"15/07/2021","2.040","2.040","2.040","2.040","0,17K","2,00%"
"14/07/2021","2.000","2.000","2.000","2.000","3,46K","-1,72%"
"13/07/2021","2.035","2.035","2.035","2.035","2,18K","-0,25%"
"12/07/2021","2.040","2.040","2.040","2.040","0,38K","0,00%"
"09/07/2021","2.040","2.040","2.040","2.040","0,32K","-0,49%"
"08/07/2021","2.050","2.050","2.050","2.050","3,75K","0,24%"
"07/07/2021","2.045","2.045","2.045","2.045","1,16K","2,25%"
"06/07/2021","2.000","2.000","2.000","2.000","0,43K","-2,44%"
"05/07/2021","2.050","2.050","2.050","2.050","2,82K","-2,38%"
"02/07/2021","2.100","2.100","2.100","2.100","4,43K","0,96%"
"01/07/2021","2.080","2.080","2.080","2.080","2,42K","-0,48%"
"30/06/2021","2.090","2.090","2.090","2.090","2,31K","3,47%"
"29/06/2021","2.020","2.020","2.020","2.020","12,30K","1,00%"
"28/06/2021","2.000","2.000","2.000","2.000","9,04K","1,01%"
"25/06/2021","1.980","1.980","1.980","1.980","0,71K","0,76%"
"24/06/2021","1.965","1.965","1.965","1.965","0,10K","-0,25%"
"23/06/2021","1.970","1.970","1.970","1.970","1,65K","1,55%"
"22/06/2021","1.940","1.940","1.940","1.940","0,02K","-0,51%"
"21/06/2021","1.950","1.950","1.950","1.950","2,41K","2,63%"
"18/06/2021","1.900","1.900","1.900","1.900","1,04K","0,00%"
"17/06/2021","1.900","1.900","1.900","1.900","0,51K","-4,52%"
"16/06/2021","1.990","1.990","1.990","1.990","1,66K","-0,50%"
"15/06/2021","2.000","2.000","2.000","2.000","0,09K","0,00%"
"14/06/2021","2.000","2.000","2.000","2.000","0,85K","0,00%"
"11/06/2021","2.000","2.000","2.000","2.000","0,03K","0,00%"
"10/06/2021","2.000","2.000","2.000","2.000","15,33K","0,00%"
"09/06/2021","2.000","2.000","2.000","2.000","10,55K","2,56%"
"08/06/2021","1.950","1.950","1.950","1.950","0,60K","-2,01%"
"07/06/2021","1.990","1.990","1.990","1.990","0,76K","0,00%"
"04/06/2021","1.990","1.990","1.990","1.990","0,98K","-0,25%"
"03/06/2021","1.995","1.995","1.995","1.995","5,33K","0,25%"
"02/06/2021","1.990","1.990","1.990","1.990","0,26K","-0,50%"
"01/06/2021","2.000","2.000","2.000","2.000","1,48K","0,76%"
"31/05/2021","1.985","1.985","1.985","1.985","20,65K","7,01%"
"28/05/2021","1.855","1.855","1.855","1.855","10,01K","-2,37%"
"27/05/2021","1.900","1.900","1.900","1.900","6,61K","2,70%"
"26/05/2021","1.850","1.850","1.850","1.850","1,09K","0,00%"
"25/05/2021","1.850","1.850","1.850","1.850","2,28K","2,78%"
"21/05/2021","1.800","1.800","1.800","1.800","4,03K","-1,10%"
"20/05/2021","1.820","1.820","1.820","1.820","2,43K","0,00%"
"19/05/2021","1.820","1.820","1.820","1.820","0,26K","-0,27%"
"18/05/2021","1.825","1.825","1.825","1.825","6,39K","1,39%"
"17/05/2021","1.800","1.800","1.800","1.800","4,06K","0,00%"
"14/05/2021","1.800","1.800","1.800","1.800","4,09K","1,69%"
"11/05/2021","1.770","1.770","1.770","1.770","0,74K","2,91%"
"10/05/2021","1.720","1.720","1.720","1.720","0,18K","-4,18%"
"07/05/2021","1.795","1.795","1.795","1.795","0,15K","0,00%"
"06/05/2021","1.795","1.795","1.795","1.795","1,09K","-1,10%"
"05/05/2021","1.815","1.815","1.815","1.815","9,83K","-0,27%"
"04/05/2021","1.820","1.820","1.820","1.820","3,96K","0,00%"
"03/05/2021","1.820","1.820","1.820","1.820","0,49K","-1,09%"
"30/04/2021","1.840","1.840","1.840","1.840","4,44K","-0,27%"
"29/04/2021","1.845","1.845","1.845","1.845","7,56K","-2,12%"
"28/04/2021","1.885","1.885","1.885","1.885","34,31K","4,43%"
"27/04/2021","1.805","1.805","1.805","1.805","9,14K","7,44%"
"26/04/2021","1.680","1.680","1.680","1.680","2,43K","7,35%"
"23/04/2021","1.565","1.565","1.565","1.565","153,80K","7,19%"
"22/04/2021","1.460","1.460","1.460","1.460","1,10K","0,69%"
"21/04/2021","1.450","1.450","1.450","1.450","1,03K","0,00%"
"20/04/2021","1.450","1.450","1.450","1.450","1,96K","0,00%"
"19/04/2021","1.450","1.450","1.450","1.450","0,70K","6,23%"
"16/04/2021","1.365","1.365","1.365","1.365","0,37K","-5,86%"
"15/04/2021","1.450","1.450","1.450","1.450","0,44K","0,00%"
"14/04/2021","1.450","1.450","1.450","1.450","0,32K","0,00%"
"13/04/2021","1.450","1.450","1.450","1.450","0,15K","3,20%"
"12/04/2021","1.405","1.405","1.405","1.405","0,03K","-3,10%"
"09/04/2021","1.450","1.450","1.450","1.450","0,03K","3,57%"
"08/04/2021","1.400","1.400","1.400","1.400","0,35K","0,72%"
"07/04/2021","1.390","1.390","1.390","1.390","0,73K","-0,71%"
"06/04/2021","1.400","1.400","1.400","1.400","0,20K","-3,45%"
"02/04/2021","1.450","1.450","1.450","1.450","3,08K","0,00%"
"01/04/2021","1.450","1.450","1.450","1.450","0,28K","-1,69%"
"31/03/2021","1.475","1.475","1.475","1.475","0,82K","4,24%"
"30/03/2021","1.415","1.415","1.415","1.415","0,41K","-4,07%"
"29/03/2021","1.475","1.475","1.475","1.475","0,69K","-0,34%"
"26/03/2021","1.480","1.480","1.480","1.480","0,68K","0,34%"
"25/03/2021","1.475","1.475","1.475","1.475","0,15K","0,00%"
"24/03/2021","1.475","1.475","1.475","1.475","0,60K","-0,67%"
"23/03/2021","1.485","1.485","1.485","1.485","0,66K","2,41%"
"22/03/2021","1.450","1.450","1.450","1.450","3,12K","-1,69%"
"19/03/2021","1.475","1.475","1.475","1.475","0,12K","0,00%"
"18/03/2021","1.475","1.475","1.475","1.475","0,31K","-0,34%"
"17/03/2021","1.480","1.480","1.480","1.480","0,26K","0,00%"
"16/03/2021","1.480","1.480","1.480","1.480","0,57K","-0,34%"
"12/03/2021","1.485","1.485","1.485","1.485","0,20K","0,00%"
"11/03/2021","1.485","1.485","1.485","1.485","0,08K","0,00%"
"10/03/2021","1.485","1.485","1.485","1.485","0,67K","0,00%"
"09/03/2021","1.485","1.485","1.485","1.485","0,53K","1,02%"
"08/03/2021","1.470","1.470","1.470","1.470","7,50K","1,38%"
"05/03/2021","1.450","1.450","1.450","1.450","0,34K","0,00%"
"04/03/2021","1.450","1.450","1.450","1.450","0,07K","0,35%"
"03/03/2021","1.445","1.445","1.445","1.445","0,40K","2,48%"
"02/03/2021","1.410","1.410","1.410","1.410","0,15K","-1,40%"
"01/03/2021","1.430","1.430","1.430","1.430","0,07K","-1,38%"
"26/02/2021","1.450","1.450","1.450","1.450","0,45K","0,35%"
"25/02/2021","1.445","1.445","1.445","1.445","0,01K","1,40%"
"24/02/2021","1.425","1.425","1.425","1.425","0,03K","0,00%"
"23/02/2021","1.425","1.425","1.425","1.425","0,25K","0,00%"
"22/02/2021","1.425","1.425","1.425","1.425","0,38K","3,64%"
"18/02/2021","1.375","1.375","1.375","1.375","0,06K","-1,79%"
"17/02/2021","1.400","1.400","1.400","1.400","0,09K","0,00%"
"16/02/2021","1.400","1.400","1.400","1.400","0,41K","0,00%"
"15/02/2021","1.400","1.400","1.400","1.400","0,11K","-1,41%"
"12/02/2021","1.420","1.420","1.420","1.420","0,02K","0,71%"
"11/02/2021","1.410","1.410","1.410","1.410","0,33K","-1,05%"
"10/02/2021","1.425","1.425","1.425","1.425","0,37K","0,00%"
"09/02/2021","1.425","1.425","1.425","1.425","0,06K","1,42%"
"08/02/2021","1.405","1.405","1.405","1.405","0,13K","0,00%"
"05/02/2021","1.405","1.405","1.405","1.405","0,10K","0,36%"
"04/02/2021","1.400","1.400","1.400","1.400","0,23K","-1,75%"
"03/02/2021","1.425","1.425","1.425","1.425","0,06K","1,42%"
"02/02/2021","1.405","1.405","1.405","1.405","0,16K","-6,64%"
"01/02/2021","1.505","1.505","1.505","1.505","0,00K","7,50%"
"29/01/2021","1.400","1.400","1.400","1.400","0,95K","3,70%"
"28/01/2021","1.350","1.350","1.350","1.350","1,14K","3,05%"
"27/01/2021","1.310","1.310","1.310","1.310","0,31K","0,38%"
"26/01/2021","1.305","1.305","1.305","1.305","0,32K","0,00%"
"25/01/2021","1.305","1.305","1.305","1.305","0,70K","-3,69%"
"22/01/2021","1.355","1.355","1.355","1.355","0,45K","-2,87%"
"21/01/2021","1.395","1.395","1.395","1.395","0,08K","0,36%"
"20/01/2021","1.390","1.390","1.390","1.390","4,15K","-0,36%"
"19/01/2021","1.395","1.395","1.395","1.395","0,22K","-0,36%"
"18/01/2021","1.400","1.400","1.400","1.400","0,28K","3,70%"
"15/01/2021","1.350","1.350","1.350","1.350","0,46K","-6,57%"
"14/01/2021","1.445","1.445","1.445","1.445","0,11K","0,00%"
"12/01/2021","1.445","1.445","1.445","1.445","0,07K","7,43%"
"11/01/2021","1.345","1.345","1.345","1.345","0,26K","-7,24%"
"08/01/2021","1.450","1.450","1.450","1.450","0,03K","0,00%"
"07/01/2021","1.450","1.450","1.450","1.450","0,72K","-2,36%"
"06/01/2021","1.485","1.485","1.485","1.485","0,00K","-7,48%"
"04/01/2021","1.605","1.605","1.605","1.605","0,05K","-0,31%"